{"cameraMode":{"drawMode":0,"name":"Shaded","section":"Shading Mode"},"sceneLighting":true,"audioPlay":false,"sceneViewState":{"m_AlwaysRefresh":false,"showFog":true,"showSkybox":true,"showFlares":true,"showImageEffects":true,"showParticleSystems":true,"showVisualEffectGraphs":true,"m_FxEnabled":true},"in2DMode":false,"pivot":{"x":46.18778610229492,"y":99.8336410522461,"z":131.04725646972657},"rotation":{"x":-0.006579473149031401,"y":0.9874386787414551,"z":-0.15258139371871949,"w":-0.042687248438596728},"size":12.461819648742676,"orthographic":false}